country_code,country_name,league_id,league_name,first_date,last_date,feed_rows,unique_matches,hz_rows,hz_unique_matches,no_hz_rows,no_hz_unique_matches,no_data_rows,no_data_unique_matches,unknown_rows,next_day_rows,season_count
ENG,England,48,Championship,2024-09-01,2026-08-29,1114,1106,1111,1103,3,3,0,0,0,0,3
ENG,England,109,League Two,2024-09-02,2026-08-29,1147,1103,1147,1103,0,0,0,0,0,0,3
ENG,England,108,League One,2024-09-07,2026-08-30,1156,1101,1156,1101,0,0,0,0,0,0,3
ARG,Argentinien,112,Liga Profesional,2024-09-01,2026-08-31,1600,1075,1600,1075,0,0,0,0,0,521,3
USA,USA,130,MLS,2024-09-01,2026-08-31,1895,1017,1895,1017,0,0,0,0,0,873,3
ESP,Spanien,140,LaLiga2,2024-09-01,2026-08-31,950,942,950,942,0,0,0,0,0,0,3
USA,USA,10282,MLS Next Pro,2024-09-01,2026-08-31,1516,883,1509,878,7,5,0,0,0,626,3
COL,Kolumbien,274,Primera A,2024-09-01,2026-08-31,1557,884,1528,868,29,16,0,0,0,609,3
BRA,Brasilien,8814,Serie B,2024-09-01,2026-08-31,1210,779,1210,779,0,0,0,0,0,432,3
USA,USA,8972,USL Championship,2024-09-01,2026-08-30,1477,775,1471,772,6,3,0,0,0,687,3
BRA,Brasilien,268,Serie A,2024-09-01,2026-08-31,1131,775,1121,769,10,6,0,0,0,343,3
ITA,Italien,86,Serie B,2024-09-01,2026-08-30,769,767,766,764,3,3,0,0,0,0,3
NED,Niederlande,111,Eerste Divisie,2024-09-01,2026-08-31,785,763,785,763,0,0,0,0,0,0,3
ESP,Spanien,87,LaLiga,2024-09-01,2026-08-31,763,756,763,756,0,0,0,0,0,0,3
ITA,Italien,55,Serie A,2024-09-01,2026-08-31,756,754,756,754,0,0,0,0,0,0,3
ENG,England,47,Premier League,2024-09-01,2026-08-31,755,753,755,753,0,0,0,0,0,0,3
GER,Deutschland,208,3. Liga,2024-09-01,2026-08-30,754,753,751,750,3,3,0,0,0,0,3
JPN,Japan,223,J. League,2024-09-01,2026-08-29,855,718,855,718,0,0,0,0,0,137,3
MEX,Mexiko,230,Liga MX,2024-09-01,2026-08-31,1344,680,1344,680,0,0,0,0,0,663,3
TUR,Türkei,71,Süper Lig,2024-09-01,2026-08-31,652,646,652,646,0,0,0,0,0,0,3
KSA,Saudi-Arabien,536,Saudi Pro League,2024-09-13,2026-08-30,632,629,632,629,0,0,0,0,0,0,3
FRA,Frankreich,110,Ligue 2,2024-09-13,2026-08-31,655,652,624,621,31,31,0,0,0,0,3
NED,Niederlande,57,Eredivisie,2024-09-01,2026-08-30,626,622,625,621,1,1,0,0,0,0,3
BEL,Belgien,40,First Division A,2024-09-01,2026-08-30,620,617,620,617,0,0,0,0,0,0,3
POR,Portugal,61,Liga Portugal,2024-09-01,2026-08-31,615,614,614,613,1,1,0,0,0,0,3
FRA,Frankreich,53,Ligue 1,2024-09-01,2026-08-30,609,608,609,608,0,0,0,0,0,0,3
GER,Deutschland,146,2. Bundesliga,2024-09-01,2026-08-30,606,606,606,606,0,0,0,0,0,0,3
GER,Deutschland,54,Bundesliga,2024-09-01,2026-08-30,605,605,605,605,0,0,0,0,0,0,3
POL,Polen,196,Ekstraklasa,2024-09-01,2026-08-30,618,607,613,602,5,5,0,0,0,0,3
TUR,Türkei,165,1. Lig,2024-09-01,2026-08-30,775,775,570,570,205,205,0,0,0,0,3
EGY,Ägypten,519,Premier League,2024-10-30,2026-08-31,570,570,567,567,3,3,0,0,0,0,3
KOR,Südkorea,9116,K League 2,2024-09-01,2026-08-30,598,532,596,530,2,2,0,0,0,66,3
ECU,Ecuador,246,Serie A,2024-09-01,2026-08-31,869,609,764,521,105,88,0,0,0,256,3
RSA,Südafrika,537,Premier Soccer League,2024-09-14,2026-08-26,533,512,514,493,19,19,0,0,0,0,3
ESP,Spanien,9907,Liga F,2024-09-06,2026-08-30,492,488,492,488,0,0,0,0,0,0,3
CHN,China,120,Super League,2024-09-13,2026-08-29,494,488,491,485,3,3,0,0,0,0,3
RUS,Russland,63,Premier League,2024-09-01,2026-08-30,506,506,476,476,30,30,0,0,0,0,3
SWE,Schweden,67,Allsvenskan,2024-09-01,2026-08-31,468,467,468,467,0,0,0,0,0,0,3
CHI,Chile,273,Liga de Primera,2024-09-01,2026-08-31,646,471,639,466,7,5,0,0,0,172,3
NOR,Norwegen,59,Eliteserien,2024-09-01,2026-08-30,470,465,470,465,0,0,0,0,0,0,3
GRE,Griechenland,135,Super League 1,2024-09-01,2026-08-31,472,469,466,463,6,6,0,0,0,0,3
SCO,Schottland,64,Premiership,2024-09-01,2026-08-30,460,456,458,454,2,2,0,0,0,0,3
USA,USA,9296,USL League One,2024-09-04,2026-08-30,890,464,868,453,22,11,0,0,0,420,3
SUI,Schweiz,69,Super League,2024-09-01,2026-08-30,456,454,454,452,2,2,0,0,0,0,3
THA,Thailand,8984,Thai League,2024-09-01,2026-05-10,446,444,446,444,0,0,0,0,0,0,2
KOR,Südkorea,9080,K League 1,2024-09-01,2026-08-30,493,441,493,441,0,0,0,0,0,50,3
USA,USA,9134,NWSL,2024-09-01,2026-08-31,741,432,741,432,0,0,0,0,0,310,3
PAR,Paraguay,199,Division Profesional,2024-09-01,2026-08-30,700,515,578,431,122,84,0,0,0,184,3
PER,Peru,131,Liga 1,2024-09-01,2026-08-31,856,632,566,419,290,213,0,0,0,210,3
AUT,Österreich,38,Bundesliga,2024-09-01,2026-08-30,392,391,392,391,0,0,0,0,0,0,3
DEN,Dänemark,46,Superligaen,2024-09-01,2026-08-31,382,382,382,382,0,0,0,0,0,0,3
INT,International,42,Champions League,2024-09-17,2026-05-30,378,378,378,378,0,0,0,0,0,0,2
INT,International,73,Europa League,2024-09-25,2026-05-20,378,378,378,378,0,0,0,0,0,0,2
DEN,Dänemark,85,1. Division,2024-09-01,2026-08-30,374,374,374,374,0,0,0,0,0,0,3
ROU,Rumänien,189,Liga I,2024-09-01,2026-08-31,630,630,372,372,258,258,0,0,0,0,3
BOL,Bolivien,144,Primera Division,2024-09-01,2026-08-28,831,511,607,371,224,140,0,0,0,251,3
UAE,Vereinigte Arabische Emirate,538,Pro League,2024-09-20,2026-08-30,424,371,424,371,0,0,0,0,0,0,3
IRL,Irland,126,Premier Liga,2024-09-01,2026-08-30,370,365,369,364,1,1,0,0,0,0,3
CRO,Kroatien,252,HNL,2024-09-01,2026-08-31,363,362,362,361,1,1,0,0,0,0,3
SUI,Schweiz,163,Challenge League,2024-09-20,2026-08-31,360,357,358,355,2,2,0,0,0,0,3
SRB,Serbien,182,Super Liga,2024-09-01,2026-08-31,607,593,350,341,257,252,0,0,0,5,3
AUS,Australien,113,A-League,2024-10-18,2026-05-23,394,339,394,339,0,0,0,0,0,54,2
ENG,England,9084,Premier League 2,2024-09-01,2026-08-31,582,559,346,332,236,227,0,0,0,0,3
ISL,Island,215,Besta deildin,2024-09-01,2026-08-31,330,330,330,330,0,0,0,0,0,0,3
GER,Deutschland,9676,Frauen Bundesliga,2024-09-01,2026-08-31,332,327,330,325,2,2,0,0,0,0,3
CZE,Tschechien,122,1. Liga,2024-09-01,2026-08-30,554,547,323,319,231,228,0,0,0,0,3
LVA,Lettland,226,Virsliga,2024-09-01,2026-08-31,366,365,317,317,49,48,0,0,0,1,3
FIN,Finnland,51,Veikkausliiga,2024-09-01,2026-08-31,350,350,309,309,41,41,0,0,0,0,3
INT,International,10216,Conference League,2024-10-02,2026-05-27,306,306,306,306,0,0,0,0,0,0,2
BEL,Belgien,264,First Division B,2024-09-01,2026-08-30,522,518,292,292,230,226,0,0,0,0,3
INT,International,299,Copa Sudamericana,2024-09-17,2026-08-27,560,282,560,282,0,0,0,0,0,278,3
ENG,England,9227,WSL,2024-09-20,2026-05-16,268,264,268,264,0,0,0,0,0,0,2
AUS,Australien,9495,A-League Women,2024-11-01,2026-05-16,329,262,328,261,1,1,0,0,0,65,2
IND,Indien,9478,Indian Super League,2024-09-13,2026-05-21,255,254,255,254,0,0,0,0,0,0,2
ISR,Israel,127,Ligat ha'Al,2024-09-01,2026-08-31,504,481,272,251,232,230,0,0,0,6,3
INT,International,114,Freundschaftsspiele,2024-09-01,2026-07-18,599,510,316,250,283,260,0,0,0,89,3
INT,International,45,Copa Libertadores,2024-09-17,2026-08-26,498,250,496,249,2,1,0,0,0,248,3
ENG,England,9294,WSL 2,2024-09-08,2026-05-02,250,243,245,238,5,5,0,0,0,0,2
INT,International,9469,AFC Champions League Two,2024-09-17,2026-08-31,253,250,240,237,13,13,0,0,0,1,3
INT,International,525,AFC Champions League Elite,2024-09-16,2026-04-25,242,238,237,233,5,5,0,0,0,0,2
SVK,Slowakei,176,1. liga,2024-09-01,2026-08-30,400,395,230,226,170,169,0,0,0,0,3
CAN,Kanada,9986,Premier League,2024-09-01,2026-08-31,331,227,329,226,2,1,0,0,0,104,3
VEN,Venezuela,339,Primera Division,2024-09-02,2026-08-31,716,468,341,213,375,255,0,0,0,235,3
SCO,Schottland,10791,SWPL 1,2025-03-02,2026-08-30,213,213,212,212,1,1,0,0,0,0,3
ENG,England,10844,Baller League,2025-03-24,2026-05-25,207,207,207,207,0,0,0,0,0,0,2
INT,International,10195,WM-Qualifikation UEFA,2025-03-21,2026-03-31,204,204,204,204,0,0,0,0,0,0,2
INT,International,489,Vereins-Freundschaftsspiele,2024-09-04,2026-08-21,1429,1408,213,203,1216,1205,0,0,0,21,3
ENG,England,133,EFL Cup,2024-09-17,2026-08-27,184,184,184,184,0,0,0,0,0,0,3
KSA,Saudi-Arabien,10721,Saudi First Division,2026-01-21,2026-08-31,180,179,178,177,2,2,0,0,0,0,2
BRA,Brasilien,10244,Paulista A1,2025-01-15,2026-03-09,244,176,244,176,0,0,0,0,0,68,2
USA,USA,10654,USL Cup,2024-09-01,2026-08-13,337,176,337,176,0,0,0,0,0,161,3
ESP,Spanien,138,Copa del Rey,2024-10-29,2026-04-18,233,233,172,172,61,61,0,0,0,0,2
USA,USA,9441,Open Cup,2024-09-25,2026-05-21,332,172,331,171,1,1,0,0,0,160,2
INT,International,10615,Conference League Qualifikation,2025-07-08,2026-08-27,518,518,158,158,360,360,0,0,0,0,2
BRA,Brasilien,9067,Copa do Brasil,2024-09-11,2026-08-28,408,238,264,146,144,92,0,0,0,170,3
QAT,Katar,535,Qatar Stars League,2024-09-13,2026-08-29,266,258,152,144,114,114,0,0,0,0,3
ENG,England,132,FA Cup,2024-11-01,2026-05-16,246,246,143,143,103,103,0,0,0,0,2
INT,International,10608,Afrika-Cup Qualifikation,2024-09-04,2024-11-19,144,144,141,141,3,3,0,0,0,0,1
INT,International,9375,Frauen Champions League,2024-10-08,2026-05-23,136,136,136,136,0,0,0,0,0,0,2
FRA,Frankreich,9677,Première Ligue Féminine,2024-09-20,2026-05-29,272,270,136,135,136,135,0,0,0,0,2
ENG,England,142,EFL Trophy,2024-09-03,2026-08-25,253,250,137,135,116,115,0,0,0,0,3
CAN,Kanada,10872,Northern Super League,2025-04-16,2026-08-30,188,134,188,134,0,0,0,0,0,54,3
ITA,Italien,10178,Serie A Femminile,2024-09-01,2026-05-17,259,259,132,132,127,127,0,0,0,0,2
FRA,Frankreich,134,Coupe de France,2024-12-20,2026-05-22,126,126,125,125,1,1,0,0,0,0,2
GER,Deutschland,209,DFB Pokal,2024-10-29,2026-08-24,124,124,124,124,0,0,0,0,0,0,3
INT,International,526,CAF Champions League,2024-11-26,2026-05-24,124,124,124,124,0,0,0,0,0,0,2
INT,International,9468,CAF Confed Cup,2024-11-27,2026-05-16,124,124,124,124,0,0,0,0,0,0,2
INT,International,10043,Leagues Cup,2025-07-29,2026-08-27,236,120,232,118,4,2,0,0,0,116,2
NED,Niederlande,235,KNVB Cup,2024-10-29,2026-04-19,114,114,112,112,2,2,0,0,0,0,2
INT,International,9821,CONCACAF Nations League,2024-09-04,2025-03-24,170,110,170,110,0,0,0,0,0,60,1
INT,International,77,WM,2026-06-11,2026-07-19,157,104,157,104,0,0,0,0,0,53,2
INT,International,297,CONCACAF Champions Cup,2025-02-04,2026-05-31,204,102,204,102,0,0,0,0,0,102,2
INT,International,10197,WM-Qualifikation AFC,2024-09-05,2025-11-18,98,98,98,98,0,0,0,0,0,0,2
ITA,Italien,141,Coppa Italia,2024-09-24,2026-08-17,90,90,82,82,8,8,0,0,0,0,3
INT,International,10613,Europa League Qualifikation,2025-07-10,2026-08-27,164,164,81,81,83,83,0,0,0,0,2
BRA,Brasilien,10274,Gaúcho,2025-01-22,2026-03-08,179,136,103,78,76,58,0,0,0,42,2
KSA,Saudi-Arabien,9942,King's Cup,2024-09-22,2026-08-19,78,78,77,77,1,1,0,0,0,0,3
KSA,Saudi-Arabien,10783,Women's Premier League,2025-03-07,2026-04-24,76,76,76,76,0,0,0,0,0,0,2
BRA,Brasilien,10273,Mineiro,2025-01-18,2026-03-08,143,119,87,73,56,46,0,0,0,24,2
INT,International,10611,Champions League Qualifikation,2025-07-08,2026-08-26,182,182,71,71,111,111,0,0,0,0,2
INT,International,9741,UEFA Youth League,2024-09-17,2026-04-20,422,422,70,70,352,352,0,0,0,0,2
BRA,Brasilien,10272,Carioca,2025-01-11,2026-03-08,190,140,96,68,94,72,0,0,0,50,2
ARG,Argentinien,9305,Copa Argentina,2024-09-07,2026-08-28,206,126,119,66,87,60,0,0,0,73,3
INT,International,10198,WM-Qualifikation CONCACAF,2025-06-04,2025-11-19,119,66,119,66,0,0,0,0,0,53,2
INT,International,78,FIFA Klub-Weltmeisterschaft,2025-06-14,2025-07-13,96,66,91,63,5,3,0,0,0,30,2
ENG,England,10705,National League Cup,2024-10-01,2026-08-18,167,159,61,61,106,98,0,0,0,0,3
JPN,Japan,9136,J. League 3,2024-09-01,2026-08-30,710,545,60,60,650,485,0,0,0,161,3
INT,International,10618,Copa Libertadores Qualification,2025-02-04,2026-03-13,102,60,102,60,0,0,0,0,0,42,2
INT,International,9806,UEFA Nations League A,2024-09-05,2025-06-08,60,60,60,60,0,0,0,0,0,0,1
INT,International,10199,WM-Qualifikation CONMEBOL,2024-09-05,2025-09-10,106,60,106,60,0,0,0,0,0,46,2
AUS,Australien,9471,Australia Cup,2024-09-11,2026-08-26,69,68,60,59,9,9,0,0,0,1,3
QAT,Katar,11030,Second Division,2025-08-26,2026-08-31,66,62,63,59,3,3,0,0,0,0,2
GER,Deutschland,10840,Baller League,2025-03-17,2025-05-19,57,57,57,57,0,0,0,0,0,0,1
INT,International,11315,Concacaf W Qualifiers,2025-11-27,2026-04-19,95,56,95,56,0,0,0,0,0,39,1
INT,International,289,Afrika-Cup,2025-12-21,2026-01-18,52,52,52,52,0,0,0,0,0,0,1
INT,International,296,World Cup U20,2025-09-27,2025-10-20,78,52,78,52,0,0,0,0,0,26,1
INT,International,9807,UEFA Nations League B,2024-09-06,2024-11-19,48,48,48,48,0,0,0,0,0,0,1
INT,International,9808,UEFA Nations League C,2024-09-05,2024-11-19,48,48,48,48,0,0,0,0,0,0,1
USA,USA,11157,Baller League,2026-03-19,2026-05-16,82,48,82,48,0,0,0,0,0,34,1
SCO,Schottland,11019,SWPL Cup,2025-09-07,2026-08-26,49,49,47,47,2,2,0,0,0,0,2
INT,International,9428,African Nations Championship,2025-08-02,2025-08-30,44,44,44,44,0,0,0,0,0,0,1
INT,International,10371,Women's Africa Cup of Nations,2025-07-14,2026-08-16,86,44,86,44,0,0,0,0,0,18,2
CHI,Chile,9091,Copa Chile,2024-09-04,2026-08-27,191,134,60,40,131,94,0,0,0,56,3
CHI,Chile,11697,Copa de la Liga,2026-03-26,2026-07-13,57,38,57,38,0,0,0,0,0,19,2
INT,International,11012,ASEAN Club Championship,2025-08-15,2026-05-27,39,38,39,38,0,0,0,0,0,0,1
CAN,Kanada,9837,Canadian Championship,2024-09-25,2026-08-12,68,36,68,36,0,0,0,0,0,32,3
INT,International,11129,UEFA Women's Europa Cup,2025-09-10,2026-08-29,96,96,32,32,64,64,0,0,0,0,2
INT,International,11021,Copa Libertadores Femenina,2025-10-02,2025-10-18,47,32,47,32,0,0,0,0,0,15,1
INT,International,10623,Copa Sudamericana Qualifikation,2025-03-04,2026-03-06,52,32,52,32,0,0,0,0,0,20,2
INT,International,9571,AFC U23 Asian Cup,2026-01-06,2026-01-24,32,32,31,31,1,1,0,0,0,0,1
INT,International,10242,FIFA Arab Cup,2025-12-01,2025-12-18,32,32,31,31,1,1,0,0,0,0,1
INT,International,298,CONCACAF Gold Cup,2025-06-14,2025-07-07,61,31,61,31,0,0,0,0,0,30,2
INT,International,292,Frauen-EM,2025-07-02,2025-07-27,31,31,31,31,0,0,0,0,0,0,1
INT,International,288,EURO U21,2025-06-11,2025-06-28,31,31,30,30,1,1,0,0,0,0,1
ENG,England,10082,FA Cup (Women),2025-01-11,2026-05-31,62,62,26,26,36,36,0,0,0,0,2
INT,International,9265,ASEAN Championship,2024-12-08,2026-08-26,52,52,26,26,26,26,0,0,0,0,2
INT,International,10196,WM-Qualifikation CAF,2025-03-19,2025-11-16,159,159,25,25,134,134,0,0,0,0,2
INT,International,9656,CONCACAF Championship U20,2026-07-24,2026-08-10,41,25,41,25,0,0,0,0,0,16,1
UAE,Vereinigte Arabische Emirate,11027,League Cup,2025-08-30,2026-05-01,25,25,25,25,0,0,0,0,0,0,1
DEN,Dänemark,242,DBU Pokalen,2024-09-03,2026-08-27,150,150,24,24,126,126,0,0,0,0,3
RSA,Südafrika,9473,Nedbank Cup,2025-01-24,2026-05-02,65,63,24,24,41,39,0,0,0,0,2
INT,International,11013,CONCACAF W Champions Cup,2025-08-19,2026-05-24,48,24,48,24,0,0,0,0,0,24,1
NED,Niederlande,58,Eredivisie Qualifikation,2025-05-12,2026-05-23,24,24,24,24,0,0,0,0,0,0,2
INT,International,10368,Copa America Femenina,2025-07-14,2025-08-02,35,22,35,22,0,0,0,0,0,13,1
INT,International,11022,Copa Libertadores U20,2026-03-07,2026-03-22,32,22,32,22,0,0,0,0,0,10,1
RSA,Südafrika,9474,South Africa 8 Cup,2024-09-01,2026-08-30,19,19,17,17,2,2,0,0,0,0,3
INT,International,11011,CAF Women's Champions League,2025-11-08,2025-11-21,16,16,16,16,0,0,0,0,0,0,1
INT,International,301,UEFA U17 Championship,2025-05-19,2026-06-07,30,30,15,15,15,15,0,0,0,0,2
ITA,Italien,11014,Coppa Italia Women,2025-08-31,2026-08-30,33,33,14,14,19,19,0,0,0,0,2
RSA,Südafrika,10708,League Cup,2025-10-03,2025-12-06,15,15,14,14,1,1,0,0,0,0,1
GRE,Griechenland,145,Greece Cup,2024-09-25,2026-08-24,118,116,13,13,105,103,0,0,0,0,3
TUR,Türkei,151,Turkish Cup,2024-10-29,2026-05-22,228,228,12,12,216,216,0,0,0,0,2
POR,Portugal,186,Taça de Portugal,2024-09-20,2026-05-24,222,222,12,12,210,210,0,0,0,0,2
,,10371,Women's Africa Cup of Nations,2025-07-07,2025-07-13,12,12,12,12,0,0,0,0,0,0,1
INT,International,9809,UEFA Nations League D,2024-09-05,2024-11-19,12,12,12,12,0,0,0,0,0,0,1
INT,International,10703,FIFA Intercontinental Cup,2024-09-22,2026-08-26,11,11,11,11,0,0,0,0,0,0,3
INT,International,287,UEFA U19 Championship,2025-06-13,2026-07-11,25,25,10,10,15,15,0,0,0,0,2
INT,International,10457,UEFA Women's Nations League A,2025-02-21,2025-12-02,56,56,9,9,47,47,0,0,0,0,2
INT,International,10557,UEFA Nations League A Qualification,2025-10-24,2025-10-29,8,8,8,8,0,0,0,0,0,0,1
INT,International,10717,UEFA Nations League A Qualifikation,2025-03-20,2025-03-23,8,8,8,8,0,0,0,0,0,0,1
INT,International,10718,UEFA Nations League B Qualifikation,2025-03-20,2025-03-23,8,8,8,8,0,0,0,0,0,0,1
RUS,Russland,9333,Premier League Qualifikation,2025-05-28,2026-05-23,8,8,8,8,0,0,0,0,0,0,2
KOR,Südkorea,9422,K League Qualification,2024-11-28,2025-12-08,10,8,10,8,0,0,0,0,0,2,2
EGY,Ägypten,10314,Super Cup,2024-10-20,2025-11-09,8,8,8,8,0,0,0,0,0,0,2
CHN,China,9550,Chinese FA Cup,2024-09-24,2026-07-22,122,122,7,7,115,115,0,0,0,0,3
QAT,Katar,11017,QSL Cup,2025-09-01,2026-04-15,113,113,7,7,106,106,0,0,0,0,1
EGY,Ägypten,9941,Egypt Cup,2025-01-02,2026-05-10,66,62,7,7,59,55,0,0,0,0,2
POR,Portugal,187,League Cup,2024-10-29,2026-01-10,14,14,7,7,7,7,0,0,0,0,2
QAT,Katar,11018,Amir of Qatar Cup,2026-05-01,2026-05-09,7,7,7,7,0,0,0,0,0,0,1
ITA,Italien,222,Supercoppa,2025-01-02,2025-12-22,6,6,6,6,0,0,0,0,0,0,2
ESP,Spanien,139,Supercopa de España,2025-01-08,2026-01-11,6,6,6,6,0,0,0,0,0,0,2
WAL,Wales,287,UEFA U19 Championship,2026-06-28,2026-07-01,6,6,6,6,0,0,0,0,0,0,2
BEL,Belgien,149,Belgian Cup,2024-10-29,2026-05-14,66,66,5,5,61,61,0,0,0,0,2
ENG,England,9717,Women's League Cup,2024-10-02,2026-03-15,78,78,4,4,74,74,0,0,0,0,2
ENG,England,10176,Premier League 2 Div 2,2025-04-25,2026-04-25,21,21,4,4,17,17,0,0,0,0,2
NOR,Norwegen,60,Eliteserien Qualifikation,2024-11-17,2025-12-11,10,10,4,4,6,6,0,0,0,0,2
FRA,Frankreich,9666,Ligue 1 Qualifikation,2025-05-14,2026-05-29,8,8,4,4,4,4,0,0,0,0,2
CHI,Chile,9407,Super Cup,2024-11-13,2026-01-25,6,5,5,4,1,1,0,0,0,0,2
,,10368,Copa America Femenina,2025-07-11,2025-07-13,5,4,5,4,0,0,0,0,0,2,1
GER,Deutschland,9734,2. Bundesliga Qualifikation,2025-05-23,2026-05-26,4,4,4,4,0,0,0,0,0,0,2
GER,Deutschland,9081,Bundesliga Qualifikation,2025-05-22,2026-05-25,4,4,4,4,0,0,0,0,0,0,2
INT,International,10201,Interkontinentale Play-offs zur WM,2026-03-26,2026-04-01,6,4,6,4,0,0,0,0,0,2,1
INT,International,11038,King's Cup,2025-09-04,2025-09-07,4,4,4,4,0,0,0,0,0,0,1
INT,International,491,Recopa Sudamericana,2025-02-20,2026-02-27,8,4,8,4,0,0,0,0,0,4,2
INT,International,10719,UEFA Nations League C Qualifikation,2026-03-26,2026-03-31,4,4,4,4,0,0,0,0,0,0,1
POR,Portugal,10215,Liga Portugal Qualifikation,2025-05-24,2026-05-28,4,4,4,4,0,0,0,0,0,0,2
SWE,Schweden,68,Allsvenskan Qualifikation,2024-11-21,2025-11-29,4,4,4,4,0,0,0,0,0,0,2
SUI,Schweiz,70,Super League Qualifikation,2025-05-27,2026-05-21,4,4,4,4,0,0,0,0,0,0,2
THA,Thailand,11023,FA Cup,2025-09-23,2026-05-31,96,95,3,3,93,92,0,0,0,1,1
SUI,Schweiz,164,Swiss Cup,2024-09-13,2026-08-16,87,87,3,3,84,84,0,0,0,0,3
THA,Thailand,11024,League Cup,2025-10-07,2026-05-24,82,79,3,3,79,76,0,0,0,0,1
FRA,Frankreich,207,Trophée des champions,2025-01-05,2026-08-16,3,3,3,3,0,0,0,0,0,0,3
KSA,Saudi-Arabien,10074,Super Cup,2025-08-19,2025-08-23,3,3,3,3,0,0,0,0,0,0,1
TUR,Türkei,166,Super Cup,2026-01-05,2026-01-10,3,3,3,3,0,0,0,0,0,0,1
GER,Deutschland,512,Regionalliga,2024-09-01,2026-08-30,3214,3033,2,2,3212,3031,0,0,0,0,3
POL,Polen,200,Superpuchar Polski,2025-04-02,2026-07-16,3,3,2,2,1,1,0,0,0,0,3
ARG,Argentinien,10832,Supercopa,2025-03-05,2025-07-09,4,2,4,2,0,0,0,0,0,2,2
BEL,Belgien,266,Super Cup,2025-07-20,2026-07-31,2,2,2,2,0,0,0,0,0,0,2
GER,Deutschland,8924,Super Cup,2025-08-16,2026-08-22,2,2,2,2,0,0,0,0,0,0,2
GER,Deutschland,11034,Supercup der Frauen,2025-08-30,2026-08-15,2,2,2,2,0,0,0,0,0,0,2
ENG,England,247,Community Shield,2025-08-10,2026-08-16,2,2,2,2,0,0,0,0,0,0,2
ENG,England,12889,EFL Cup Qualifikation,2026-08-01,2026-08-03,2,2,2,2,0,0,0,0,0,0,1
INT,International,9467,CAF Super Cup,2024-09-27,2025-10-18,2,2,2,2,0,0,0,0,0,0,2
INT,International,10312,Sidemen Charity Match,2025-03-08,2026-04-18,2,2,2,2,0,0,0,0,0,0,2
INT,International,74,UEFA Super Cup,2025-08-13,2026-08-12,2,2,2,2,0,0,0,0,0,0,2
IRL,Irland,221,Premier Liga Qualifikation,2024-11-16,2025-11-07,2,2,2,2,0,0,0,0,0,0,2
ISR,Israel,9862,Super Cup,2025-07-13,2026-07-16,2,2,2,2,0,0,0,0,0,0,2
MEX,Mexiko,11039,Campeón de Campeones,2025-07-20,2026-07-26,4,2,4,2,0,0,0,0,0,2,2
NED,Niederlande,237,Super Cup,2025-08-03,2026-08-02,2,2,2,2,0,0,0,0,0,0,2
POR,Portugal,188,Super Cup,2025-07-31,2026-08-01,2,2,2,2,0,0,0,0,0,0,2
RUS,Russland,195,Super Cup,2025-07-12,2026-07-18,2,2,2,2,0,0,0,0,0,0,2
INT,International,293,Frauen-Freundschaftsspiele,2024-10-24,2026-06-10,70,55,2,1,68,54,0,0,0,15,2
SCO,Schottland,11020,SWF Scottish Cup,2025-11-02,2026-05-31,46,43,1,1,45,42,0,0,0,0,1
ARG,Argentinien,9381,Super Copa International,2025-03-12,2026-07-21,3,2,2,1,1,1,0,0,0,0,3
ARG,Argentinien,10053,Trofeo de Campeones,2024-12-21,2025-12-20,3,2,1,1,2,1,0,0,0,1,2
BRA,Brasilien,10077,Supercopa do Brasil,2025-02-02,2026-02-01,2,2,1,1,1,1,0,0,0,0,2
INT,International,9875,Campeones Cup,2024-09-25,2025-10-02,4,2,2,1,2,1,0,0,0,2,2
PAR,Paraguay,10259,Supercopa,2025-01-22,2025-12-06,2,2,1,1,1,1,0,0,0,0,2
ENG,England,11839,WSL Promotion/Relegation,2026-05-23,2026-05-23,1,1,1,1,0,0,0,0,0,0,1
INT,International,11032,FIFA U20 Intercontinental Cup,2025-08-23,2025-08-23,1,1,1,1,0,0,0,0,0,0,1
INT,International,11746,Korea Legends Match,2026-04-19,2026-04-19,1,1,1,1,0,0,0,0,0,0,1
INT,International,11648,Soccer Aid,2026-05-31,2026-05-31,1,1,1,1,0,0,0,0,0,0,1
ITA,Italien,11015,Supercoppa Italiana,2026-01-11,2026-01-11,1,1,1,1,0,0,0,0,0,0,1
COL,Kolumbien,11536,Superliga,2026-01-21,2026-01-22,2,1,2,1,0,0,0,0,0,1,1
PRY,PRY,199,Division Profesional,2025-07-21,2025-07-21,1,1,1,1,0,0,0,0,0,0,1
UAE,Vereinigte Arabische Emirate,11026,Super Cup,2025-12-27,2025-12-27,1,1,1,1,0,0,0,0,0,0,1
ENG,England,8947,Premier Liga,2024-09-06,2026-08-31,4046,3740,0,0,4046,3740,0,0,0,0,3
ESP,Spanien,9138,Segunda Federación,2024-09-01,2026-05-31,3139,3114,0,0,3139,3114,0,0,0,0,2
ITA,Italien,147,Serie C,2024-09-01,2026-08-31,2396,2392,0,0,2396,2392,0,0,0,0,3
ENG,England,8944,National North & South,2024-09-02,2026-08-31,2364,2237,0,0,2364,2237,0,0,0,0,3
NOR,Norwegen,205,Norsk Tipping-ligaen,2024-09-01,2026-08-31,2125,2124,0,0,2125,2124,0,0,0,0,3
ARG,Argentinien,9213,Primera B Metropolitana & Torneo Federal A,2024-09-01,2026-08-31,2226,1987,0,0,2226,1987,0,0,0,221,3
ESP,Spanien,8968,Primera Federación,2024-09-01,2026-08-31,1547,1538,0,0,1547,1538,0,0,0,0,3
ARG,Argentinien,8965,Primera B Nacional,2024-09-01,2026-08-31,1622,1312,0,0,1622,1312,0,0,0,271,3
ENG,England,117,National League,2024-09-07,2026-08-31,1154,1105,0,0,1154,1105,0,0,0,0,3
SWE,Schweden,169,Ettan,2024-09-01,2026-08-31,952,952,0,0,952,952,0,0,0,0,3
NGA,Nigeria,533,Professional Football League,2024-09-07,2026-08-31,794,768,0,0,794,768,0,0,0,0,3
BRA,Brasilien,9464,Serie D,2025-07-06,2026-08-30,850,766,0,0,850,766,0,0,0,82,2
IRQ,Irak,524,Stars League,2024-10-25,2026-08-31,789,765,0,0,789,765,0,0,0,0,3
ENG,England,10068,Premier League U18,2024-09-01,2026-08-29,734,712,0,0,734,712,0,0,0,0,3
NOR,Norwegen,204,PostNord-ligaen,2024-09-01,2026-08-30,707,706,0,0,707,706,0,0,0,0,3
BUL,Bulgarien,9096,Second Professional League,2024-09-01,2026-08-30,685,679,0,0,685,679,0,0,0,0,3
MEX,Mexiko,9906,Liga MX Femenil,2024-09-01,2026-08-31,1181,651,0,0,1181,651,0,0,0,529,3
POL,Polen,8935,II Liga,2024-09-01,2026-08-30,644,638,0,0,644,638,0,0,0,0,3
ROU,Rumänien,9113,Liga II,2024-09-01,2026-08-31,632,632,0,0,632,632,0,0,0,0,3
FRA,Frankreich,8970,Ligue 3,2024-09-06,2026-08-29,625,623,0,0,625,623,0,0,0,0,3
RUS,Russland,338,1. Division,2024-09-01,2026-08-31,635,623,0,0,635,623,0,0,0,10,3
URU,Uruguay,161,Liga AUF Uruguaya,2024-09-07,2026-08-31,806,621,0,0,806,621,0,0,0,165,3
POR,Portugal,185,Liga Portugal 2,2024-09-01,2026-08-30,618,617,0,0,618,617,0,0,0,0,3
NED,Niederlande,9195,Tweede Divisie,2024-09-07,2026-08-29,621,614,0,0,621,614,0,0,0,0,3
GHA,Ghana,522,Premier League,2024-09-07,2026-05-24,637,612,0,0,637,612,0,0,0,0,2
POL,Polen,197,I Liga,2024-09-01,2026-08-30,609,606,0,0,609,606,0,0,0,0,3
ISR,Israel,128,Leumit League,2024-09-02,2026-08-31,626,605,0,0,626,605,0,0,0,0,3
COL,Kolumbien,9125,Primera B,2024-09-01,2026-08-30,861,603,0,0,861,603,0,0,0,242,3
IRN,Iran,9372,Azadegan League,2024-09-09,2026-07-17,635,599,0,0,635,599,0,0,0,0,3
BUL,Bulgarien,270,First Professional League,2024-09-01,2026-08-31,590,586,0,0,590,586,0,0,0,0,3
IDN,Indonesien,8983,Super League,2024-09-11,2026-05-23,588,585,0,0,588,585,0,0,0,0,2
POR,Portugal,9112,Liga 3,2024-09-01,2026-08-23,582,579,0,0,582,579,0,0,0,0,3
GUA,Guatemala,336,Liga Nacional,2024-09-01,2026-08-31,846,547,0,0,846,547,0,0,0,297,3
SLV,El Salvador,335,Primera Division,2024-09-01,2026-08-31,824,546,0,0,824,546,0,0,0,275,3
GRE,Griechenland,8815,Super League 2,2024-09-20,2026-04-26,534,526,0,0,534,526,0,0,0,0,2
JPN,Japan,8974,J. League 2,2024-09-01,2026-08-29,665,520,0,0,665,520,0,0,0,145,3
UKR,Ukraine,441,Premier League,2024-09-01,2026-08-31,507,502,0,0,507,502,0,0,0,0,3
TAN,Tansania,9066,Premier League,2024-09-11,2026-08-31,566,498,0,0,566,498,0,0,0,0,3
TUN,Tunesien,544,Ligue I,2024-09-01,2026-08-30,497,493,0,0,497,493,0,0,0,0,3
CHI,Chile,9126,Liga de Ascenso,2024-09-01,2026-08-31,644,492,0,0,644,492,0,0,0,152,3
MEX,Mexiko,8976,Liga de Expansión MX,2024-09-01,2026-08-30,943,491,0,0,943,491,0,0,0,448,3
BLR,Belarus,263,Premier League,2024-09-01,2026-08-30,497,488,0,0,497,488,0,0,0,0,3
LUX,Luxemburg,229,National Liga,2024-09-01,2026-08-30,493,488,0,0,493,488,0,0,0,0,3
SWE,Schweden,168,Superettan,2024-09-01,2026-08-31,483,483,0,0,483,483,0,0,0,0,3
AUT,Österreich,119,2. Liga,2024-09-01,2026-08-30,489,482,0,0,489,482,0,0,0,0,3
ALG,Algerien,516,Ligue 1,2024-09-19,2026-06-06,597,480,0,0,597,480,0,0,0,0,2
NOR,Norwegen,203,OBOS-ligaen,2024-09-01,2026-08-30,481,480,0,0,481,480,0,0,0,0,3
CYP,Zypern,136,1. Division,2024-09-01,2026-08-31,481,478,0,0,481,478,0,0,0,0,3
MAR,Marokko,530,Botola Pro,2024-09-14,2026-07-05,497,472,0,0,497,472,0,0,0,0,3
CHN,China,9137,China League One,2024-09-15,2026-08-30,471,471,0,0,471,471,0,0,0,0,3
CZE,Tschechien,253,FNL,2024-09-01,2026-08-30,476,471,0,0,476,471,0,0,0,0,3
URU,Uruguay,9122,Segunda Division,2024-09-07,2026-08-31,569,469,0,0,569,469,0,0,0,89,3
NIR,Nordirland,129,Premiership,2024-09-01,2026-08-29,495,463,0,0,495,463,0,0,0,0,3
CYP,Zypern,9100,2. Division,2024-09-13,2026-04-25,466,460,0,0,466,460,0,0,0,0,2
CRC,Costa Rica,121,Primera Division,2024-09-01,2026-08-31,821,459,0,0,821,459,0,0,0,361,3
IRN,Iran,523,Persian Gulf,2024-09-13,2026-08-29,464,453,0,0,464,453,0,0,0,1,3
HON,Honduras,337,Liga Nacional,2024-09-01,2026-08-31,790,452,0,0,790,452,0,0,0,337,3
SVK,Slowakei,8973,2. Liga,2024-09-01,2026-08-31,440,434,0,0,440,434,0,0,0,0,3
BRA,Brasilien,8971,Serie C,2024-09-01,2026-08-29,617,425,0,0,617,425,0,0,0,192,3
KAZ,Kasachstan,225,Premier League,2024-09-01,2026-08-31,428,424,0,0,428,424,0,0,0,0,3
SCO,Schottland,9545,Highland / Lowland,2026-01-17,2026-08-29,453,416,0,0,453,416,0,0,0,1,2
WAL,Wales,116,Cymru Premier,2024-09-03,2026-08-31,428,416,0,0,428,416,0,0,0,0,3
PAN,Panama,9039,LPF,2024-09-01,2026-08-31,726,410,0,0,726,410,0,0,0,317,3
HUN,Ungarn,212,Nemzeti Bajnokság I,2024-09-01,2026-08-30,401,401,0,0,401,401,0,0,0,0,3
JPN,Japan,11499,Japan 2/3,2026-02-06,2026-06-07,557,400,0,0,557,400,0,0,0,153,1
MKD,Nordmazedonien,249,Prva Liga,2024-09-15,2026-08-31,410,397,0,0,410,397,0,0,0,0,3
DEN,Dänemark,239,2. Division,2024-09-01,2026-08-30,386,385,0,0,386,385,0,0,0,0,3
DEN,Dänemark,240,3. Division,2024-09-06,2026-08-29,384,383,0,0,384,383,0,0,0,0,3
BIH,Bosnien und Herzegowina,267,Premier League,2024-09-01,2026-08-30,393,377,0,0,393,377,0,0,0,0,3
AZE,Aserbaidschan,262,Premier League,2024-09-01,2026-08-31,377,375,0,0,377,375,0,0,0,0,3
IRL,Irland,218,First Division,2024-09-06,2026-08-28,373,370,0,0,373,370,0,0,0,0,3
ALB,Albanien,260,Kategoria Superiore,2024-09-01,2026-08-31,367,367,0,0,367,367,0,0,0,0,3
SVN,Slowenien,173,Prva Liga,2024-09-01,2026-08-30,368,364,0,0,368,364,0,0,0,0,3
VIE,Vietnam,9088,V-League,2024-09-14,2026-06-07,364,364,0,0,364,364,0,0,0,0,2
GEO,Georgien,439,Erovnuli Liga,2024-09-01,2026-08-31,362,362,0,0,362,362,0,0,0,0,3
SCO,Schottland,125,League Two,2024-09-14,2026-08-29,379,360,0,0,379,360,0,0,0,0,3
SCO,Schottland,123,Championship,2024-09-13,2026-08-29,372,359,0,0,372,359,0,0,0,0,3
SCO,Schottland,124,League One,2024-09-14,2026-08-29,374,359,0,0,374,359,0,0,0,0,3
SWE,Schweden,9089,Damallsvenskan (W),2024-09-01,2026-08-30,358,358,0,0,358,358,0,0,0,0,3
MNE,Montenegro,232,1. CFL,2024-09-14,2026-08-30,361,357,0,0,361,357,0,0,0,0,3
EST,Estland,248,Regular Season,2024-09-01,2026-08-30,357,356,0,0,357,356,0,0,0,0,3
LTU,Litauen,228,Toplyga,2024-09-01,2026-08-31,359,356,0,0,359,356,0,0,0,0,3
SWE,Schweden,10308,Eliteettan (W),2024-09-01,2026-08-30,356,354,0,0,356,354,0,0,0,0,3
KOR,Südkorea,9537,K League 3,2025-03-28,2026-08-30,384,336,0,0,384,336,0,0,0,47,3
FIN,Finnland,8969,Ykkonen,2024-09-13,2026-08-29,324,324,0,0,324,324,0,0,0,0,3
THA,Thailand,9498,Thai League 2,2025-08-15,2026-05-23,316,312,0,0,316,312,0,0,0,0,1
ARM,Armenien,118,Premier League,2024-09-01,2026-08-31,326,310,0,0,326,310,0,0,0,0,3
RUS,Russland,9123,Second League,2024-09-01,2024-11-16,302,288,0,0,302,288,0,0,0,14,1
ISL,Island,216,1. Deild,2024-09-07,2026-08-29,282,280,0,0,282,280,0,0,0,0,3
NOR,Norwegen,206,Norgesmesterskapet,2024-10-05,2026-08-26,277,276,0,0,277,276,0,0,0,0,3
NED,Niederlande,10289,Eredivisie Vrouwen,2024-09-28,2026-08-23,280,274,0,0,280,274,0,0,0,0,3
MAS,Malaysia,8985,Liga Super,2024-09-12,2026-08-30,279,273,0,0,279,273,0,0,0,0,3
FRO,Färöer-Inseln,250,Premier League,2024-09-01,2026-08-31,273,272,0,0,273,272,0,0,0,0,3
FIN,Finnland,251,Ykkosliiga,2024-09-01,2026-08-30,267,266,0,0,267,266,0,0,0,0,3
INT,International,10437,EURO U-21 Qualifikation,2024-09-04,2026-03-31,266,266,0,0,266,266,0,0,0,0,2
ISL,Island,10226,2. Deild,2024-09-08,2026-08-29,261,261,0,0,261,261,0,0,0,0,3
NOR,Norwegen,332,1. Division Kvinner,2024-09-01,2026-08-31,261,261,0,0,261,261,0,0,0,0,3
NOR,Norwegen,331,Toppserien,2024-09-07,2026-08-31,261,261,0,0,261,261,0,0,0,0,3
IRL,Irland,10210,Women's Premier Liga,2024-09-04,2026-08-29,267,258,0,0,267,258,0,0,0,0,3
USA,USA,10699,USL Super League Women,2024-09-01,2026-08-30,426,250,0,0,426,250,0,0,0,173,3
SWE,Schweden,171,Svenska Cupen,2024-10-02,2026-08-27,242,240,0,0,242,240,0,0,0,0,3
INT,International,10612,Women's Champions League Qualifikation,2024-09-04,2026-08-26,231,231,0,0,231,231,0,0,0,0,3
MDA,Moldau,231,National Division,2024-09-01,2026-08-30,224,223,0,0,224,223,0,0,0,0,3
IND,Indien,8982,Indian Football League,2024-11-22,2026-05-23,198,198,0,0,198,198,0,0,0,0,2
KUW,Kuwait,529,Premier League,2024-10-27,2026-08-31,212,197,0,0,212,197,0,0,0,0,3
SCO,Schottland,179,Challenge Cup,2024-09-03,2026-08-25,202,193,0,0,202,193,0,0,0,0,3
SCO,Schottland,180,League Cup,2024-09-20,2026-08-16,190,190,0,0,190,190,0,0,0,0,3
COL,Kolumbien,9490,Copa Colombia,2024-09-11,2026-08-21,309,182,0,0,309,182,0,0,0,120,3
DEN,Dänemark,256,A-Liga,2024-09-01,2026-08-29,181,181,0,0,181,181,0,0,0,0,3
FIN,Finnland,10174,Kansallinen (Women),2024-09-14,2026-08-29,181,181,0,0,181,181,0,0,0,0,3
BAN,Bangladesch,10443,Premier League,2024-11-29,2026-05-23,180,180,0,0,180,180,0,0,0,0,2
RUS,Russland,193,Russian Cup,2024-09-17,2026-08-20,174,174,0,0,174,174,0,0,0,0,3
SIN,Singapur,461,Premier League,2024-09-13,2026-05-18,173,168,0,0,173,168,0,0,0,0,2
BRA,Brasilien,10291,Goiano,2025-01-15,2026-03-15,164,150,0,0,164,150,0,0,0,14,2
INT,International,10357,World Cup Qualifikation (W) UEFA,2026-03-03,2026-06-09,150,150,0,0,150,150,0,0,0,0,1
POR,Portugal,10449,Nacional Feminino,2025-01-19,2026-05-10,150,150,0,0,150,150,0,0,0,0,2
SCO,Schottland,137,Scottish Cup,2024-10-25,2026-05-23,143,142,0,0,143,142,0,0,0,0,2
CZE,Tschechien,254,Czech Cup,2024-09-24,2026-08-26,142,141,0,0,142,141,0,0,0,0,3
JPN,Japan,9500,WE League,2025-08-16,2026-08-30,189,139,0,0,189,139,0,0,0,50,2
BRA,Brasilien,9429,Copa do Nordeste,2025-01-04,2026-06-06,219,136,0,0,219,136,0,0,0,77,2
ENG,England,9253,FA Trophy,2024-12-07,2026-05-17,128,128,0,0,128,128,0,0,0,0,2
SVK,Slowakei,177,FA Cup,2024-09-10,2026-05-01,128,125,0,0,128,125,0,0,0,0,2
INT,International,10619,CAF Champions League Qualifikation,2024-09-13,2025-11-01,125,124,0,0,125,124,0,0,0,0,2
ISL,Island,10076,League Cup,2025-02-03,2026-03-21,125,123,0,0,125,123,0,0,0,0,2
UZB,Usbekistan,540,Superliga,2026-03-20,2026-08-26,123,123,0,0,123,123,0,0,0,0,2
EGY,Ägypten,10270,League Cup,2024-12-10,2026-06-08,126,123,0,0,126,123,0,0,0,0,2
FIN,Finnland,143,Suomen Cup,2024-09-21,2026-07-01,118,118,0,0,118,118,0,0,0,0,3
INT,International,9682,CONCACAF Central American Cup,2024-09-24,2026-08-28,232,116,0,0,232,116,0,0,0,116,3
AUT,Österreich,278,Austrian Cup,2024-09-24,2026-07-26,113,113,0,0,113,113,0,0,0,0,3
HUN,Ungarn,9117,NB II,2026-03-22,2026-08-31,112,112,0,0,112,112,0,0,0,0,2
NOR,Norwegen,333,Norgesmesterskapet Kvinner,2024-09-28,2026-06-28,107,106,0,0,107,106,0,0,0,0,2
ISR,Israel,9097,State Cup,2024-11-02,2026-05-26,109,105,0,0,109,105,0,0,0,0,2
INT,International,306,World Cup U17,2025-11-03,2025-11-27,104,104,0,0,104,104,0,0,0,0,1
NZL,Neuseeland,8870,Championship,2024-09-27,2025-12-13,202,102,0,0,202,102,0,0,0,100,2
KOR,Südkorea,9551,Cup,2024-11-30,2026-08-19,117,101,0,0,117,101,0,0,0,16,3
BRA,Brasilien,10290,Baiano,2025-01-11,2026-03-07,113,99,0,0,113,99,0,0,0,14,2
JPN,Japan,9011,Emperor Cup,2024-09-11,2026-08-26,103,99,0,0,103,99,0,0,0,4,3
INT,International,344,Freundschaftsspiele U21,2024-09-06,2026-06-09,98,98,0,0,98,98,0,0,0,0,2
GER,Deutschland,10650,DFB Pokal Frauen,2024-09-06,2026-08-16,92,92,0,0,92,92,0,0,0,0,3
ROU,Rumänien,190,Cupa României,2024-10-29,2026-05-13,88,88,0,0,88,88,0,0,0,0,2
IND,Indien,10309,Durand Cup,2025-07-23,2026-08-23,86,86,0,0,86,86,0,0,0,0,2
IRL,Irland,219,FAI Cup,2024-09-13,2026-08-16,86,86,0,0,86,86,0,0,0,0,3
JPN,Japan,224,J. League Cup,2024-09-04,2025-11-01,97,82,0,0,97,82,0,0,0,15,2
INT,International,9470,AFC Challenge League,2024-10-26,2026-05-13,82,80,0,0,82,80,0,0,0,0,2
CRO,Kroatien,275,Croatian Cup,2024-10-22,2026-08-26,80,79,0,0,80,79,0,0,0,0,3
INT,International,10609,Asian Cup  Qualification Playoff,2024-09-05,2026-06-04,79,78,0,0,79,78,0,0,0,0,2
PAR,Paraguay,10230,Copa Paraguay,2024-09-04,2026-08-27,95,76,0,0,95,76,0,0,0,19,3
MDA,Moldau,10065,National Division Qualifikation,2025-03-07,2026-05-27,74,74,0,0,74,74,0,0,0,0,2
ENG,England,10626,FA Cup Qualifikation,2024-10-12,2025-10-14,71,71,0,0,71,71,0,0,0,0,2
INT,International,11527,OFC Pro League,2026-01-17,2026-05-24,112,70,0,0,112,70,0,0,0,37,1
BUL,Bulgarien,271,Bulgarian Cup,2024-10-28,2026-05-20,66,66,0,0,66,66,0,0,0,0,2
FIN,Finnland,342,Finland Cup,2025-01-11,2026-03-21,66,66,0,0,66,66,0,0,0,0,2
NIR,Nordirland,9389,Irish Cup,2025-01-03,2026-05-02,63,62,0,0,63,62,0,0,0,0,2
POL,Polen,198,Puchar Polski,2024-10-12,2026-05-02,62,62,0,0,62,62,0,0,0,0,2
NIR,Nordirland,8978,League Cup,2024-10-01,2026-03-15,59,59,0,0,59,59,0,0,0,0,2
URU,Uruguay,10342,Copa Uruguay,2024-09-12,2025-10-30,105,59,0,0,105,59,0,0,0,46,2
CYP,Zypern,330,Cyprus Cup,2024-09-25,2026-05-29,57,57,0,0,57,57,0,0,0,0,2
AUS,Australien,8938,Australia Championship,2025-10-10,2025-12-06,89,55,0,0,89,55,0,0,0,34,1
INT,International,10459,UEFA Women's Nations League C,2025-02-21,2025-06-03,54,54,0,0,54,54,0,0,0,0,1
BRA,Brasilien,11646,Copa Paulista,2026-07-17,2026-08-31,67,52,0,0,67,52,0,0,0,17,1
FRA,Frankreich,11028,Coupe de France Féminine,2025-12-13,2026-05-10,51,51,0,0,51,51,0,0,0,0,1
ESP,Spanien,10651,Copa de la Reina,2024-11-05,2026-05-16,50,50,0,0,50,50,0,0,0,0,2
INT,International,10458,UEFA Women's Nations League B,2025-02-21,2025-06-03,48,48,0,0,48,48,0,0,0,0,1
FIN,Finnland,10186,Kansallinen Qualification (Women),2025-08-23,2026-08-30,42,42,0,0,42,42,0,0,0,0,2
IND,Indien,10366,Super Cup,2025-04-20,2025-12-07,42,42,0,0,42,42,0,0,0,0,2
INT,International,10640,Women's EURO Qualification League A,2024-10-25,2024-12-03,42,42,0,0,42,42,0,0,0,0,1
POR,Portugal,10448,Liga Revelação,2026-03-21,2026-04-28,42,42,0,0,39,39,3,3,0,0,1
IRL,Irland,10307,FAI Women's Cup (W),2024-09-21,2026-08-22,41,41,0,0,41,41,0,0,0,0,3
INT,International,305,Maurice Revello Tournament,2025-06-03,2026-06-13,40,40,0,0,40,40,0,0,0,0,2
SIN,Singapur,9143,Singapore Cup,2025-02-01,2026-01-10,40,40,0,0,40,40,0,0,0,0,2
ISL,Island,217,Icelandic Cup,2024-09-21,2026-07-21,35,35,0,0,35,35,0,0,0,0,3
USA,USA,10084,NISA,2024-09-01,2025-10-21,43,31,0,0,43,31,0,0,0,12,2
NED,Niederlande,9851,Tweede Divisie Qualifikation,2025-05-28,2026-06-13,30,30,0,0,30,30,0,0,0,0,2
SVN,Slowenien,174,Slovenia Cup,2025-02-26,2026-05-13,30,30,0,0,30,30,0,0,0,0,2
UKR,Ukraine,442,Ukraine Cup,2024-10-29,2026-05-20,30,30,0,0,30,30,0,0,0,0,2
HUN,Ungarn,213,Magyar Kupa,2025-02-19,2026-05-09,30,30,0,0,30,30,0,0,0,0,2
UAE,Vereinigte Arabische Emirate,9943,Cup,2024-10-17,2026-05-22,30,30,0,0,30,30,0,0,0,0,2
NED,Niederlande,10668,KNVB Beker Women,2025-10-17,2026-05-16,28,28,0,0,28,28,0,0,0,0,1
INT,International,10269,Womens Asian Cup,2026-03-01,2026-03-21,35,27,0,0,35,27,0,0,0,8,1
IDN,Indonesien,10059,President's Cup,2025-07-06,2026-08-06,24,24,0,0,24,24,0,0,0,0,2
IRN,Iran,9487,Hazfi cup,2025-02-12,2026-01-13,24,23,0,0,24,23,0,0,0,0,2
INT,International,10200,WM-Qualifikation OFC,2024-09-05,2025-03-24,29,18,0,0,29,18,0,0,0,11,1
INT,International,9514,The Atlantic Cup,2025-01-30,2026-02-06,17,17,0,0,17,17,0,0,0,0,2
ISR,Israel,9098,Toto Cup Leumit,2024-12-25,2026-08-17,17,17,0,0,17,17,0,0,0,0,3
MAR,Marokko,11840,Throne Cup,2026-05-15,2026-07-08,17,16,0,0,15,14,2,2,0,0,2
INT,International,329,Gulf Cup,2024-12-21,2025-01-04,15,15,0,0,15,15,0,0,0,0,1
SRB,Serbien,183,Kup Srbije,2025-04-02,2026-05-13,14,14,0,0,14,14,0,0,0,0,2
INT,International,9690,Southeast Asian Games,2025-12-03,2025-12-18,13,13,0,0,13,13,0,0,0,0,1
INT,International,9921,SheBelieves Cup (W),2025-02-20,2026-03-07,16,12,0,0,16,12,0,0,0,4,2
SCO,Schottland,9737,Championship playoff,2025-05-06,2026-05-16,12,12,0,0,12,12,0,0,0,0,2
SCO,Schottland,9738,League One Playoff,2025-05-06,2026-05-15,12,12,0,0,12,12,0,0,0,0,2
SCO,Schottland,181,Premiership playoff,2025-05-06,2026-05-25,12,12,0,0,12,12,0,0,0,0,2
RSA,Südafrika,10584,South Africa League Qualification,2025-06-11,2026-06-13,12,12,0,0,12,12,0,0,0,0,2
BLR,Belarus,9521,Belarusian Cup,2025-04-15,2026-05-16,10,10,0,0,10,10,0,0,0,0,2
GER,Deutschland,10022,Regionalliga Qualifikation,2025-05-23,2026-06-02,8,8,0,0,8,8,0,0,0,0,2
GEO,Georgien,9310,Erovnuli Qualifikation,2024-12-12,2025-12-14,8,8,0,0,8,8,0,0,0,0,2
MNE,Montenegro,9178,1. CFL Qualifikation,2025-05-30,2026-06-03,8,8,0,0,8,8,0,0,0,0,2
NOR,Norwegen,9754,OBOS-ligaen Qualifikation,2024-11-03,2025-11-29,8,8,0,0,8,8,0,0,0,0,2
ROU,Rumänien,9587,Liga I Qualifikation,2025-05-25,2026-06-01,8,8,0,0,8,8,0,0,0,0,2
SWE,Schweden,9634,1. Division Qualification,2024-11-16,2025-11-22,8,8,0,0,8,8,0,0,0,0,2
SWE,Schweden,172,Superettan Qualifikation,2024-11-21,2025-11-23,8,8,0,0,8,8,0,0,0,0,2
TAN,Tansania,10028,Premier League Qualifikation,2025-06-30,2026-07-16,8,8,0,0,8,8,0,0,0,0,3
CZE,Tschechien,10025,1. Liga qualification,2025-05-28,2026-05-31,8,8,0,0,8,8,0,0,0,0,2
UKR,Ukraine,9829,Premier League Qualifikation,2025-05-29,2026-06-09,8,8,0,0,8,8,0,0,0,0,2
INT,International,11156,Arab Cup Qualifikation,2025-11-25,2025-11-26,7,7,0,0,7,7,0,0,0,0,1
BOL,Bolivien,9334,Primera Division Qualifikation,2024-12-21,2025-12-24,7,6,0,0,7,6,0,0,0,1,2
INT,International,10622,AFC Champions League Elite Qualifikation,2025-08-12,2026-08-11,6,6,0,0,6,6,0,0,0,0,2
POL,Polen,10967,II Liga Qualifikation,2026-06-03,2026-06-09,6,6,0,0,6,6,0,0,0,0,1
POR,Portugal,10657,Nacional Feminino Qualifikation,2025-05-25,2026-05-31,6,6,0,0,6,6,0,0,0,0,2
VIE,Vietnam,10161,Cúp Quốc gia,2026-03-20,2026-06-14,6,6,0,0,6,6,0,0,0,0,1
WAL,Wales,9166,Welsh Cup,2025-03-15,2026-04-12,6,6,0,0,6,6,0,0,0,0,2
SCO,Schottland,9739,League Two Playoff,2025-05-03,2026-05-16,5,5,0,0,5,5,0,0,0,0,2
BLR,Belarus,9255,Premier League qualification,2024-12-04,2025-12-06,4,4,0,0,4,4,0,0,0,0,2
BEL,Belgien,41,First Division A Qualifikation,2025-05-18,2026-05-23,4,4,0,0,4,4,0,0,0,0,2
EST,Estland,10034,Meistriliiga Qualifikation,2024-11-24,2025-11-29,4,4,0,0,4,4,0,0,0,0,2
FIN,Finnland,52,Veikkausliiga Qualifikation,2024-10-23,2025-10-26,4,4,0,0,4,4,0,0,0,0,2
FRA,Frankreich,9667,Ligue 2 Qualifikation,2025-05-20,2026-05-24,4,4,0,0,4,4,0,0,0,0,2
INT,International,9849,COSAFA Cup,2025-06-13,2025-06-15,4,4,0,0,4,4,0,0,0,0,1
INT,International,11542,FIFA Women's Champions Cup,2026-01-28,2026-02-01,4,4,0,0,4,4,0,0,0,0,1
INT,International,10558,UEFA Nations League B Qualification,2025-10-24,2025-10-28,4,4,0,0,4,4,0,0,0,0,1
LTU,Litauen,9632,A Lyga Qualifikation,2024-11-17,2025-11-22,4,4,0,0,4,4,0,0,0,0,2
LUX,Luxemburg,9174,National Liga Qualifikation,2025-05-29,2026-06-01,4,4,0,0,4,4,0,0,0,0,2
NIR,Nordirland,8979,Premiership Qualifikation,2025-04-29,2026-05-01,4,4,0,0,4,4,0,0,0,0,2
NOR,Norwegen,9382,Toppserien Qualifikation (W),2024-11-20,2025-11-22,4,4,0,0,4,4,0,0,0,0,2
POR,Portugal,9668,Liga Portugal 2 Qualifikation,2025-05-24,2026-05-30,4,4,0,0,4,4,0,0,0,0,2
SWE,Schweden,10316,Damallsvenskan Qualifikation (W),2024-11-16,2025-11-23,4,4,0,0,4,4,0,0,0,0,2
SRB,Serbien,10583,Super Liga Qualifikation,2025-05-28,2025-06-01,4,4,0,0,4,4,0,0,0,0,1
SVK,Slowakei,9845,Super Liga Qualification,2025-05-20,2026-05-23,4,4,0,0,4,4,0,0,0,0,2
SVN,Slowenien,492,Prva Liga Qualifikation,2025-05-29,2026-05-31,4,4,0,0,4,4,0,0,0,0,2
ESP,Spanien,10776,Supercopa Femenina,2025-01-26,2026-01-24,4,4,0,0,4,4,0,0,0,0,2
BUL,Bulgarien,9584,First professional league Qualification,2025-05-29,2026-05-28,3,3,0,0,3,3,0,0,0,0,2
INT,International,11548,Choose One - adidas Predator or F50,2026-02-05,2026-02-05,3,3,0,0,3,3,0,0,0,0,1
ALB,Albanien,9173,Superiore Qualifikation,2025-05-04,2026-05-16,2,2,0,0,2,2,0,0,0,0,2
ALB,Albanien,10175,Superkupa e Shqipërisë,2024-12-26,2025-12-28,2,2,0,0,2,2,0,0,0,0,2
BLR,Belarus,9658,Super Cup,2025-02-22,2026-02-28,2,2,0,0,2,2,0,0,0,0,2
BRA,Brasilien,10078,Recopa Gaúcha,2025-07-08,2026-05-07,4,2,0,0,4,2,0,0,0,2,1
BUL,Bulgarien,272,Super Cup,2025-02-04,2026-02-03,2,2,0,0,2,2,0,0,0,0,2
CHL,CHL,9126,Liga de Ascenso,2025-07-20,2025-07-22,4,2,0,0,4,2,0,0,0,2,1
CHN,China,9491,Super Cup,2025-02-07,2026-03-01,2,2,0,0,2,2,0,0,0,0,2
CRC,Costa Rica,10223,Super cup,2025-07-20,2026-07-13,4,2,0,0,4,2,0,0,0,2,2
EST,Estland,9069,Super Cup,2025-02-22,2026-02-28,2,2,0,0,2,2,0,0,0,0,2
FIN,Finnland,10713,Ykkosliiga Qualifikation,2025-10-23,2025-10-26,2,2,0,0,2,2,0,0,0,0,1
GRE,Griechenland,8816,Super Cup,2026-01-03,2026-08-12,2,2,0,0,2,2,0,0,0,0,2
IRQ,Irak,10310,Stars League Abstieg Playoff,2026-06-08,2026-06-13,2,2,0,0,2,2,0,0,0,0,1
IRN,Iran,10288,Super Cup,2025-01-17,2025-08-11,2,2,0,0,2,2,0,0,0,0,2
IRL,Irland,9431,Super Cup,2025-02-07,2026-01-31,2,2,0,0,2,2,0,0,0,0,2
ISL,Island,10009,Super Cup,2025-03-30,2026-03-29,2,2,0,0,2,2,0,0,0,0,2
JPN,Japan,10716,J. League 3 Qualifikation,2025-12-06,2025-12-14,4,2,0,0,4,2,0,0,0,2,1
KAZ,Kasachstan,9504,Super Cup,2025-02-22,2026-02-28,2,2,0,0,2,2,0,0,0,0,2
QAT,Katar,9661,Qualification,2025-04-28,2026-05-08,2,2,0,0,2,2,0,0,0,0,2
LTU,Litauen,9493,Super Cup,2025-02-22,2026-02-16,2,2,0,0,2,2,0,0,0,0,2
LUX,Luxemburg,9527,Coupe de Luxembourg,2025-05-28,2026-05-29,2,2,0,0,2,2,0,0,0,0,2
NED,Niederlande,11029,Super Cup,2025-08-23,2026-07-31,2,2,0,0,2,2,0,0,0,0,2
MKD,Nordmazedonien,9528,Macedonian Cup,2025-05-21,2026-05-20,2,2,0,0,2,2,0,0,0,0,2
NOR,Norwegen,10714,1. divisjon kvinner kvalifisering,2025-11-19,2025-11-23,2,2,0,0,2,2,0,0,0,0,1
ROU,Rumänien,192,Supercupa,2025-07-05,2026-07-12,2,2,0,0,2,2,0,0,0,0,2
USA,USA,10167,NWSL Challenge Cup,2025-03-07,2026-06-27,4,2,0,0,4,2,0,0,0,2,2
URU,Uruguay,10343,Supercopa,2025-01-26,2026-02-02,4,2,0,0,4,2,0,0,0,2,2
VIE,Vietnam,10737,Super Cup,2025-08-09,2026-08-30,2,2,0,0,2,2,0,0,0,0,2
VIE,Vietnam,9628,V-League Qualifikation,2025-06-27,2026-06-12,2,2,0,0,2,2,0,0,0,0,2
CYP,Zypern,521,Super Cup,2024-09-25,2025-10-30,2,2,0,0,2,2,0,0,0,0,2
CRC,Costa Rica,12888,Primera Liga Qualifikation,2026-07-18,2026-07-19,2,1,0,0,2,1,0,0,0,1,1
ECU,Ecuador,11035,Supercopa de Ecuador,2026-05-13,2026-05-14,2,1,0,0,2,1,0,0,0,1,1
INT,International,10913,FIFA Club World Cup Qualifikation,2025-05-31,2025-06-01,2,1,0,0,2,1,0,0,0,1,1
INT,International,10304,Finalissima,2026-03-27,2026-03-27,1,1,0,0,1,1,0,0,0,0,1
INT,International,13169,MLS All-Star Game,2026-07-29,2026-07-30,2,1,0,0,2,1,0,0,0,1,1
INT,International,10649,NWSL x Liga MX,2024-10-25,2024-10-26,2,1,0,0,2,1,0,0,0,1,1
ISR,Israel,9735,Leumit League Qualifikation,2025-05-22,2025-05-22,1,1,0,0,1,1,0,0,0,0,1
JPN,Japan,440,Super Cup,2025-02-07,2025-02-08,2,1,0,0,2,1,0,0,0,1,1
LVA,Lettland,9486,Super Cup,2026-02-17,2026-02-17,1,1,0,0,1,1,0,0,0,0,1
SWE,Schweden,11194,Women Cup,2026-05-16,2026-05-16,1,1,0,0,1,1,0,0,0,0,1
KOR,Südkorea,10188,K League 3 Qualifikation,2025-11-21,2025-11-22,2,1,0,0,2,1,0,0,0,1,1
